Area_sqft,Bedrooms,Bathroom,Location_Type,House_Type,State,City,Price
1714,4,3,Rural,Duplex,Karnataka,Bengaluru,4516320
2129,5,4,Urban,Apartment,Gujarat,Surat,9007611
2555,2,2,Rural,Villa,Maharashtra,Mumbai,7893045
4391,1,1,Urban,Villa,Delhi (UT),Delhi,29076339
1280,3,3,Urban,Villa,Gujarat,Ahmedabad,7022400
4390,2,2,Rural,Villa,Tamil Nadu,Coimbatore,12950224
4277,4,3,Rural,Duplex,Delhi (UT),Delhi,12706801
1317,3,2,Semiurban,Villa,Karnataka,Bengaluru,6004337
930,1,1,Urban,Villa,Uttar Pradesh,Noida,4643507
3375,2,2,Urban,Villa,Karnataka,Bengaluru,19893769
927,5,4,Rural,Apartment,Karnataka,Bengaluru,2221677
3174,5,5,Urban,Duplex,Karnataka,Bengaluru,18267316
1807,4,3,Semiurban,Duplex,Karnataka,Bengaluru,7205123
2838,3,3,Rural,Duplex,Karnataka,Mysuru,7915865
4078,3,2,Semiurban,Duplex,Karnataka,Mysuru,16903409
1628,4,4,Semiurban,Villa,Uttar Pradesh,Lucknow,5993552
2510,5,5,Semiurban,Apartment,Gujarat,Ahmedabad,8417913
2984,3,3,Semiurban,Villa,Maharashtra,Mumbai,14569953
2371,2,2,Urban,Apartment,Tamil Nadu,Coimbatore,11003951
1505,2,2,Semiurban,Apartment,Gujarat,Surat,4989571
4223,1,0,Semiurban,Apartment,Tamil Nadu,Coimbatore,15572178
2907,3,3,Urban,Apartment,Maharashtra,Pune,15373248
2350,3,3,Urban,Duplex,Uttar Pradesh,Lucknow,10543284
3499,1,1,Semiurban,Apartment,Uttar Pradesh,Noida,10940899
2440,1,1,Urban,Apartment,Karnataka,Bengaluru,11648984
3035,1,0,Rural,Villa,Tamil Nadu,Chennai,9096415
1817,2,1,Semiurban,Apartment,Maharashtra,Mumbai,7228386
4069,2,2,Rural,Villa,Uttar Pradesh,Lucknow,10179130
1211,3,3,Rural,Apartment,Delhi (UT),Delhi,3512781
4098,5,5,Urban,Duplex,Tamil Nadu,Coimbatore,20813359
2704,2,2,Rural,Villa,Tamil Nadu,Chennai,7879261
920,2,2,Rural,Villa,Gujarat,Surat,2532984
2413,5,4,Semiurban,Villa,Gujarat,Surat,9985123
1790,1,1,Rural,Apartment,Maharashtra,Pune,4637373
2269,3,3,Semiurban,Villa,Tamil Nadu,Chennai,9575156
1898,5,5,Semiurban,Duplex,Uttar Pradesh,Noida,6535048
962,4,4,Rural,Duplex,Gujarat,Surat,2250794
4073,5,5,Semiurban,Duplex,Tamil Nadu,Coimbatore,15784176
2215,1,1,Urban,Villa,Delhi (UT),Delhi,15050778
910,5,5,Rural,Villa,Maharashtra,Mumbai,2731192
4433,3,3,Rural,Duplex,Maharashtra,Pune,13155174
1411,5,5,Semiurban,Apartment,Gujarat,Surat,4534122
2742,3,3,Rural,Duplex,Tamil Nadu,Chennai,7353454
3299,5,5,Urban,Villa,Karnataka,Mysuru,19169905
3516,2,1,Urban,Apartment,Delhi (UT),Delhi,19598136
1407,5,5,Rural,Apartment,Karnataka,Bengaluru,3614256
4197,4,3,Rural,Duplex,Tamil Nadu,Coimbatore,11058619
2659,3,3,Urban,Apartment,Delhi (UT),Delhi,14929633
2565,3,3,Semiurban,Villa,Tamil Nadu,Coimbatore,10914440
2750,2,2,Semiurban,Apartment,Maharashtra,Mumbai,10204448
3966,5,5,Semiurban,Apartment,Maharashtra,Pune,15763171
3134,2,2,Semiurban,Duplex,Maharashtra,Pune,13363937
2502,2,2,Semiurban,Duplex,Uttar Pradesh,Lucknow,7981191
1742,3,3,Semiurban,Duplex,Delhi (UT),Delhi,7769526
3134,5,5,Rural,Villa,Maharashtra,Mumbai,9384574
4308,1,1,Semiurban,Apartment,Karnataka,Bengaluru,15390679
2545,3,3,Semiurban,Apartment,Delhi (UT),Delhi,10538942
2147,2,2,Rural,Duplex,Delhi (UT),Delhi,6410851
910,4,4,Rural,Villa,Tamil Nadu,Coimbatore,2609046
2268,3,3,Semiurban,Villa,Karnataka,Bengaluru,10145772
1347,4,4,Rural,Villa,Tamil Nadu,Coimbatore,3968040
4451,3,3,Rural,Apartment,Delhi (UT),Delhi,12355934
3886,2,2,Rural,Duplex,Tamil Nadu,Coimbatore,10216650
2917,3,2,Rural,Duplex,Karnataka,Bengaluru,7718151
3421,4,4,Rural,Apartment,Delhi (UT),Delhi,9391394
1310,4,4,Semiurban,Duplex,Gujarat,Surat,4953788
3444,1,1,Semiurban,Duplex,Tamil Nadu,Chennai,13001907
3900,5,4,Semiurban,Apartment,Karnataka,Mysuru,15040274
3386,3,3,Semiurban,Duplex,Maharashtra,Mumbai,13962829
923,1,1,Rural,Villa,Maharashtra,Mumbai,2976699
2660,5,5,Rural,Apartment,Gujarat,Ahmedabad,5623603
1318,5,5,Rural,Villa,Karnataka,Mysuru,3998587
1407,4,4,Urban,Apartment,Uttar Pradesh,Lucknow,5660460
2836,3,2,Semiurban,Apartment,Gujarat,Surat,9066011
2972,5,5,Urban,Villa,Uttar Pradesh,Noida,14797436
2096,1,0,Urban,Duplex,Uttar Pradesh,Lucknow,9083130
4314,1,0,Urban,Duplex,Delhi (UT),Delhi,25461413
3288,3,2,Rural,Villa,Tamil Nadu,Coimbatore,9003730
4499,1,1,Semiurban,Villa,Delhi (UT),Delhi,22183765
3028,3,3,Semiurban,Villa,Delhi (UT),Delhi,14623453
3914,2,1,Urban,Duplex,Gujarat,Surat,19269577
1257,2,2,Rural,Apartment,Karnataka,Mysuru,2998798
1225,4,4,Rural,Apartment,Karnataka,Mysuru,2959945
3857,2,2,Rural,Apartment,Delhi (UT),Delhi,10971199
2564,4,4,Rural,Apartment,Uttar Pradesh,Noida,5350321
2348,4,4,Urban,Duplex,Gujarat,Ahmedabad,11261757
2904,3,3,Semiurban,Duplex,Karnataka,Bengaluru,12222371
4110,5,5,Urban,Apartment,Tamil Nadu,Coimbatore,20082053
2566,4,4,Rural,Villa,Tamil Nadu,Chennai,7748675
2711,5,5,Urban,Duplex,Gujarat,Ahmedabad,12494971
1040,5,4,Rural,Villa,Tamil Nadu,Coimbatore,3029274
1791,5,5,Urban,Duplex,Karnataka,Mysuru,10005389
1844,1,0,Semiurban,Duplex,Uttar Pradesh,Lucknow,6132978
2420,5,5,Urban,Villa,Karnataka,Mysuru,15159565
4330,2,2,Urban,Apartment,Karnataka,Bengaluru,21477184
1494,5,5,Semiurban,Villa,Maharashtra,Pune,6988940
4071,5,5,Urban,Apartment,Maharashtra,Mumbai,22040881
1582,4,4,Urban,Villa,Karnataka,Mysuru,9187902
3320,4,4,Urban,Duplex,Tamil Nadu,Coimbatore,17303591
4427,4,4,Rural,Apartment,Tamil Nadu,Chennai,11141720
819,2,2,Urban,Villa,Gujarat,Surat,4124664
2433,4,4,Urban,Apartment,Delhi (UT),Delhi,13630658
3864,4,4,Rural,Apartment,Uttar Pradesh,Lucknow,8044098
2270,4,4,Semiurban,Villa,Maharashtra,Mumbai,10762403
1198,2,2,Semiurban,Duplex,Gujarat,Ahmedabad,4200371
809,5,5,Urban,Duplex,Karnataka,Bengaluru,4534286
1004,3,3,Rural,Duplex,Uttar Pradesh,Noida,2310078
2449,2,2,Urban,Apartment,Gujarat,Ahmedabad,10482312
3642,5,5,Rural,Apartment,Maharashtra,Mumbai,9450122
3500,3,3,Urban,Villa,Karnataka,Bengaluru,20809786
966,3,3,Rural,Duplex,Gujarat,Surat,2342564
1952,2,2,Urban,Apartment,Uttar Pradesh,Noida,7722181
4179,2,2,Urban,Apartment,Maharashtra,Pune,20714981
875,3,2,Rural,Apartment,Tamil Nadu,Coimbatore,2150422
1669,4,4,Rural,Duplex,Tamil Nadu,Chennai,4506582
1165,5,5,Semiurban,Duplex,Gujarat,Surat,4079395
4427,4,4,Semiurban,Apartment,Tamil Nadu,Chennai,15647452
2981,4,3,Urban,Villa,Delhi (UT),Delhi,20102612
3787,3,3,Semiurban,Duplex,Karnataka,Bengaluru,15504691
1644,1,1,Urban,Apartment,Uttar Pradesh,Noida,6897926
3660,1,1,Urban,Apartment,Karnataka,Mysuru,17722586
4328,4,3,Urban,Apartment,Tamil Nadu,Chennai,20907557
2998,1,1,Urban,Villa,Uttar Pradesh,Lucknow,14991653
1620,1,1,Rural,Duplex,Karnataka,Mysuru,4566835
4221,5,5,Semiurban,Villa,Uttar Pradesh,Lucknow,14505892
3754,2,1,Semiurban,Duplex,Gujarat,Surat,12998078
3754,3,3,Urban,Villa,Delhi (UT),Delhi,26286264
3968,4,4,Semiurban,Villa,Uttar Pradesh,Lucknow,14188546
2561,5,5,Semiurban,Duplex,Gujarat,Surat,9524712
1010,3,3,Rural,Duplex,Tamil Nadu,Chennai,2687811
3830,5,5,Rural,Apartment,Gujarat,Ahmedabad,8733530
1166,4,4,Semiurban,Villa,Delhi (UT),Delhi,5842745
3134,3,3,Semiurban,Apartment,Uttar Pradesh,Lucknow,8979993
4288,2,2,Semiurban,Villa,Gujarat,Ahmedabad,16975659
3953,1,1,Semiurban,Apartment,Uttar Pradesh,Noida,11841100
3727,2,2,Rural,Duplex,Karnataka,Bengaluru,10466771
3987,3,3,Rural,Duplex,Gujarat,Ahmedabad,9838418
2161,3,2,Semiurban,Duplex,Tamil Nadu,Coimbatore,8787812
2485,3,3,Urban,Villa,Karnataka,Bengaluru,14913271
1493,3,3,Semiurban,Villa,Gujarat,Ahmedabad,5898250
1779,4,4,Urban,Apartment,Delhi (UT),Delhi,10027100
2006,3,3,Semiurban,Villa,Tamil Nadu,Coimbatore,8393681
1409,3,3,Urban,Villa,Delhi (UT),Delhi,9469979
1409,3,3,Semiurban,Apartment,Tamil Nadu,Coimbatore,5040915
2598,4,4,Urban,Duplex,Delhi (UT),Delhi,15634550
943,2,2,Urban,Apartment,Maharashtra,Mumbai,5111535
2582,4,4,Urban,Duplex,Delhi (UT),Delhi,15920540
3940,1,0,Rural,Duplex,Karnataka,Bengaluru,10295902
2569,3,3,Urban,Apartment,Karnataka,Bengaluru,13225310
4160,2,2,Rural,Villa,Delhi (UT),Delhi,13455403
3940,4,3,Semiurban,Duplex,Karnataka,Bengaluru,16889838
1357,3,3,Semiurban,Apartment,Maharashtra,Pune,5428922
4309,3,2,Rural,Duplex,Gujarat,Ahmedabad,10415424
1952,5,5,Semiurban,Apartment,Karnataka,Mysuru,7290298
3391,2,1,Urban,Duplex,Gujarat,Ahmedabad,16284487
998,5,5,Urban,Villa,Uttar Pradesh,Lucknow,4725348
1893,3,3,Rural,Apartment,Uttar Pradesh,Noida,3766874
3690,1,1,Semiurban,Apartment,Gujarat,Surat,12510367
2634,5,5,Semiurban,Villa,Gujarat,Surat,10238032
1275,1,1,Urban,Apartment,Delhi (UT),Delhi,7226448
1963,2,1,Urban,Duplex,Gujarat,Surat,9371932
921,4,4,Urban,Villa,Gujarat,Surat,4942623
2736,4,4,Rural,Villa,Uttar Pradesh,Noida,6442639
3246,3,3,Rural,Duplex,Uttar Pradesh,Noida,6844762
2201,3,2,Semiurban,Villa,Gujarat,Ahmedabad,8847385
2995,2,2,Semiurban,Villa,Karnataka,Bengaluru,12966660
2440,4,3,Semiurban,Apartment,Tamil Nadu,Chennai,8990938
4276,1,1,Urban,Villa,Uttar Pradesh,Lucknow,20959449
1706,3,3,Rural,Apartment,Uttar Pradesh,Lucknow,3472316
3080,2,2,Rural,Apartment,Gujarat,Surat,7075174
2207,4,3,Rural,Villa,Karnataka,Bengaluru,6709744
4046,2,2,Urban,Duplex,Karnataka,Mysuru,23140230
2635,5,5,Urban,Duplex,Karnataka,Mysuru,14285138
907,5,5,Urban,Apartment,Gujarat,Ahmedabad,3977695
2831,4,4,Rural,Villa,Maharashtra,Pune,9127516
1501,4,3,Urban,Apartment,Gujarat,Surat,6784475
3340,5,5,Rural,Villa,Gujarat,Surat,9139816
2169,5,5,Urban,Apartment,Gujarat,Surat,9957801
2323,2,2,Semiurban,Villa,Delhi (UT),Delhi,11390317
3877,4,3,Urban,Apartment,Delhi (UT),Delhi,22614978
3011,3,3,Urban,Duplex,Tamil Nadu,Chennai,16057633
2598,1,1,Urban,Apartment,Delhi (UT),Delhi,14535059
882,2,1,Urban,Duplex,Maharashtra,Mumbai,4915435
4420,4,3,Urban,Apartment,Gujarat,Surat,19706355
2138,5,5,Rural,Duplex,Uttar Pradesh,Lucknow,4890559
4192,1,1,Rural,Duplex,Uttar Pradesh,Noida,9045302
1739,3,2,Semiurban,Apartment,Uttar Pradesh,Noida,5119275
4113,1,0,Urban,Villa,Tamil Nadu,Coimbatore,22728060
1497,1,1,Urban,Duplex,Delhi (UT),Delhi,9349723
1297,3,3,Urban,Duplex,Karnataka,Mysuru,7032666
4327,1,1,Rural,Apartment,Maharashtra,Pune,11663602
3639,1,1,Rural,Apartment,Karnataka,Bengaluru,9447171
1792,5,5,Urban,Duplex,Delhi (UT),Delhi,11154592
3990,2,2,Rural,Villa,Delhi (UT),Delhi,13028715
3032,2,2,Urban,Duplex,Uttar Pradesh,Lucknow,13364093
4104,1,0,Urban,Duplex,Uttar Pradesh,Lucknow,18923679
3143,4,4,Semiurban,Apartment,Maharashtra,Mumbai,12156209
3979,3,3,Semiurban,Villa,Gujarat,Ahmedabad,15519689
959,2,2,Urban,Duplex,Tamil Nadu,Chennai,4867099
3098,5,5,Semiurban,Apartment,Delhi (UT),Delhi,13409861
3078,1,1,Urban,Duplex,Karnataka,Mysuru,17550641
3304,4,4,Rural,Villa,Uttar Pradesh,Lucknow,8304882
1107,4,4,Urban,Duplex,Delhi (UT),Delhi,6837251
4238,5,5,Semiurban,Villa,Karnataka,Bengaluru,19544364
2139,4,4,Semiurban,Duplex,Tamil Nadu,Chennai,8521905
1907,2,2,Semiurban,Duplex,Uttar Pradesh,Noida,6095025
2274,5,5,Rural,Duplex,Karnataka,Mysuru,6316186
1399,1,1,Semiurban,Duplex,Delhi (UT),Delhi,6221755
2831,1,0,Urban,Apartment,Tamil Nadu,Coimbatore,13792295
2544,2,2,Rural,Duplex,Karnataka,Bengaluru,7006631
802,2,1,Rural,Apartment,Maharashtra,Pune,2057453
4426,3,3,Rural,Duplex,Maharashtra,Pune,12461344
3818,3,3,Rural,Duplex,Maharashtra,Mumbai,11275992
3872,4,4,Rural,Apartment,Delhi (UT),Delhi,11191258
4425,4,3,Rural,Villa,Delhi (UT),Delhi,14947373
1112,1,1,Urban,Villa,Tamil Nadu,Coimbatore,6480527
3670,1,1,Rural,Villa,Karnataka,Mysuru,11336791
1071,1,1,Semiurban,Villa,Delhi (UT),Delhi,5654313
3476,2,2,Urban,Apartment,Gujarat,Ahmedabad,15664566
1242,5,5,Urban,Villa,Maharashtra,Pune,7674780
4271,4,3,Rural,Villa,Uttar Pradesh,Lucknow,9935333
1181,3,3,Rural,Villa,Uttar Pradesh,Lucknow,2752450
1083,1,1,Semiurban,Villa,Gujarat,Ahmedabad,4285387
1583,3,3,Urban,Apartment,Uttar Pradesh,Noida,6350354
1294,1,1,Semiurban,Duplex,Karnataka,Mysuru,5286212
1255,2,2,Semiurban,Duplex,Maharashtra,Pune,5319562
4055,5,5,Rural,Apartment,Maharashtra,Mumbai,10167112
2893,1,1,Urban,Apartment,Maharashtra,Mumbai,14505896
3840,2,2,Rural,Villa,Delhi (UT),Delhi,12339642
843,2,1,Urban,Apartment,Uttar Pradesh,Noida,3399424
3797,2,1,Urban,Duplex,Delhi (UT),Delhi,24130473
4148,4,4,Urban,Duplex,Tamil Nadu,Coimbatore,22591612
2881,5,5,Urban,Apartment,Uttar Pradesh,Noida,11086623
2449,4,4,Urban,Duplex,Delhi (UT),Delhi,15803873
3931,2,1,Urban,Duplex,Uttar Pradesh,Noida,17344039
3582,2,2,Rural,Villa,Karnataka,Bengaluru,10222649
4142,5,5,Rural,Duplex,Gujarat,Ahmedabad,10220240
3650,3,3,Urban,Apartment,Gujarat,Surat,15369987
3464,2,2,Urban,Apartment,Karnataka,Bengaluru,17874247
4045,1,1,Rural,Apartment,Uttar Pradesh,Lucknow,7847240
1516,4,4,Urban,Villa,Gujarat,Surat,8332920
1467,1,1,Urban,Duplex,Maharashtra,Mumbai,8388200
2789,5,4,Semiurban,Villa,Gujarat,Ahmedabad,11313801
2516,2,2,Rural,Villa,Maharashtra,Mumbai,7857772
3507,2,2,Rural,Villa,Delhi (UT),Delhi,12295935
971,2,2,Rural,Duplex,Karnataka,Bengaluru,2697322
2168,1,0,Semiurban,Villa,Gujarat,Ahmedabad,8495639
2559,2,2,Rural,Apartment,Tamil Nadu,Coimbatore,6052827
978,3,3,Semiurban,Apartment,Gujarat,Ahmedabad,3162833
3751,2,2,Urban,Duplex,Tamil Nadu,Coimbatore,19397609
4187,2,2,Semiurban,Duplex,Karnataka,Mysuru,17074550
3046,4,4,Semiurban,Duplex,Tamil Nadu,Coimbatore,12396628
3232,1,1,Semiurban,Duplex,Gujarat,Surat,11546850
3943,2,2,Rural,Villa,Karnataka,Bengaluru,11962730
2297,5,4,Rural,Duplex,Karnataka,Bengaluru,6450838
3794,2,2,Urban,Duplex,Tamil Nadu,Coimbatore,20106312
3567,3,3,Urban,Apartment,Gujarat,Surat,15112271
3504,3,3,Semiurban,Villa,Tamil Nadu,Chennai,15021375
2652,5,4,Urban,Duplex,Karnataka,Bengaluru,14794450
1540,3,2,Rural,Villa,Karnataka,Bengaluru,4791758
4483,3,3,Rural,Villa,Karnataka,Mysuru,13617684
3954,5,5,Urban,Apartment,Maharashtra,Mumbai,20709305
2145,3,3,Semiurban,Apartment,Tamil Nadu,Chennai,7465868
3001,2,2,Rural,Villa,Tamil Nadu,Coimbatore,8488899
3360,2,2,Rural,Villa,Uttar Pradesh,Lucknow,8156283
1832,3,3,Urban,Villa,Maharashtra,Pune,11634163
4146,3,2,Rural,Apartment,Gujarat,Ahmedabad,9072375
1787,3,3,Rural,Villa,Uttar Pradesh,Noida,4124000
3074,4,4,Urban,Apartment,Karnataka,Bengaluru,15214744
3137,2,2,Rural,Duplex,Maharashtra,Mumbai,8645318
2484,4,4,Rural,Apartment,Maharashtra,Mumbai,6403710
3659,3,3,Urban,Villa,Gujarat,Ahmedabad,18995264
2682,4,4,Urban,Apartment,Karnataka,Mysuru,13214859
1455,1,1,Urban,Duplex,Gujarat,Ahmedabad,6890756
3576,5,5,Urban,Apartment,Maharashtra,Mumbai,18267865
1423,3,3,Urban,Duplex,Gujarat,Ahmedabad,6585819
1827,1,0,Semiurban,Duplex,Uttar Pradesh,Lucknow,6311657
3793,1,0,Rural,Duplex,Maharashtra,Pune,10460308
2935,4,3,Urban,Apartment,Maharashtra,Mumbai,15910360
1436,4,4,Semiurban,Duplex,Maharashtra,Mumbai,6013040
3899,5,5,Semiurban,Duplex,Uttar Pradesh,Noida,13508791
1993,2,1,Rural,Duplex,Delhi (UT),Delhi,6120391
1835,2,1,Urban,Duplex,Uttar Pradesh,Lucknow,7993231
2320,3,3,Urban,Villa,Uttar Pradesh,Noida,10758613
1183,4,4,Urban,Apartment,Karnataka,Bengaluru,5899589
2958,1,1,Urban,Apartment,Maharashtra,Mumbai,15915210
1355,2,2,Rural,Duplex,Karnataka,Mysuru,3568651
3869,1,0,Semiurban,Villa,Maharashtra,Pune,17637080
1562,2,2,Rural,Duplex,Karnataka,Bengaluru,4270344
3136,4,4,Urban,Villa,Uttar Pradesh,Noida,14929027
2482,3,3,Semiurban,Villa,Uttar Pradesh,Noida,8815595
3963,1,1,Urban,Villa,Karnataka,Bengaluru,23065540
1006,2,2,Urban,Apartment,Uttar Pradesh,Lucknow,3831769
2305,4,4,Urban,Villa,Gujarat,Ahmedabad,12082446
3101,2,1,Semiurban,Duplex,Gujarat,Ahmedabad,11692066
2157,1,0,Rural,Apartment,Gujarat,Ahmedabad,4542225
3991,2,2,Semiurban,Duplex,Delhi (UT),Delhi,17818201
3079,5,5,Urban,Villa,Tamil Nadu,Coimbatore,17190907
4013,1,0,Urban,Duplex,Gujarat,Surat,19674159
2243,5,5,Urban,Villa,Karnataka,Mysuru,13333256
3588,3,2,Rural,Villa,Delhi (UT),Delhi,11599066
1611,3,3,Urban,Villa,Maharashtra,Mumbai,10415031
3120,4,4,Urban,Villa,Uttar Pradesh,Lucknow,14604092
1513,1,1,Rural,Apartment,Gujarat,Surat,3266856
4120,5,5,Urban,Apartment,Delhi (UT),Delhi,24061216
1905,2,2,Urban,Villa,Uttar Pradesh,Lucknow,8826511
3907,5,4,Urban,Villa,Tamil Nadu,Coimbatore,22935549
4313,3,3,Rural,Duplex,Karnataka,Bengaluru,11901348
4172,1,1,Urban,Duplex,Maharashtra,Mumbai,23071179
2947,1,1,Rural,Apartment,Karnataka,Mysuru,7711701
3136,5,5,Semiurban,Duplex,Delhi (UT),Delhi,14258963
1243,5,5,Semiurban,Duplex,Tamil Nadu,Chennai,5009660
969,3,3,Semiurban,Villa,Maharashtra,Pune,4524521
3674,3,3,Urban,Apartment,Uttar Pradesh,Lucknow,14298356
4162,2,2,Urban,Villa,Gujarat,Ahmedabad,22339738
1251,1,1,Urban,Duplex,Tamil Nadu,Coimbatore,6325633
3452,4,3,Semiurban,Duplex,Maharashtra,Mumbai,14495850
1000,4,4,Semiurban,Apartment,Tamil Nadu,Chennai,3420565
2015,1,1,Rural,Villa,Uttar Pradesh,Lucknow,4829516
1778,3,2,Urban,Apartment,Uttar Pradesh,Lucknow,7154482
3579,4,4,Semiurban,Apartment,Maharashtra,Mumbai,13920964
2730,2,2,Urban,Villa,Delhi (UT),Delhi,17546427
2940,3,3,Semiurban,Apartment,Maharashtra,Mumbai,11707260
3913,5,5,Semiurban,Apartment,Tamil Nadu,Coimbatore,14275924
1301,1,1,Semiurban,Duplex,Delhi (UT),Delhi,5720082
1639,3,3,Rural,Apartment,Uttar Pradesh,Lucknow,3206193
3947,2,1,Urban,Apartment,Tamil Nadu,Coimbatore,18484089
3861,3,3,Urban,Duplex,Delhi (UT),Delhi,23957852
1383,2,2,Urban,Villa,Maharashtra,Pune,9009712
2032,5,4,Semiurban,Villa,Delhi (UT),Delhi,10005889
1316,4,4,Semiurban,Villa,Uttar Pradesh,Lucknow,4760937
2627,1,1,Urban,Duplex,Delhi (UT),Delhi,16821966
3413,1,1,Semiurban,Duplex,Maharashtra,Pune,13934475
4320,4,4,Semiurban,Apartment,Delhi (UT),Delhi,18266809
3870,2,1,Semiurban,Apartment,Karnataka,Mysuru,14954179
4344,1,1,Rural,Villa,Tamil Nadu,Coimbatore,12005642
1329,5,5,Rural,Duplex,Karnataka,Mysuru,3734040
2027,1,1,Rural,Apartment,Uttar Pradesh,Noida,3906267
3875,5,5,Semiurban,Duplex,Tamil Nadu,Chennai,14876941
4441,2,2,Semiurban,Villa,Maharashtra,Pune,21620825
2091,3,3,Semiurban,Apartment,Tamil Nadu,Chennai,7251072
2043,2,2,Urban,Villa,Gujarat,Ahmedabad,11256567
2015,2,2,Rural,Villa,Gujarat,Ahmedabad,5063269
1728,2,2,Semiurban,Apartment,Tamil Nadu,Coimbatore,6189562
1698,4,4,Semiurban,Duplex,Karnataka,Bengaluru,7094644
1701,5,5,Semiurban,Villa,Gujarat,Ahmedabad,6428522
983,4,3,Semiurban,Apartment,Tamil Nadu,Chennai,3613594
3444,3,3,Urban,Villa,Tamil Nadu,Chennai,19771667
3676,3,3,Urban,Villa,Tamil Nadu,Chennai,21442662
869,5,5,Semiurban,Villa,Gujarat,Ahmedabad,3339043
3620,1,0,Urban,Villa,Tamil Nadu,Chennai,20169504
2924,1,1,Semiurban,Duplex,Uttar Pradesh,Noida,9278674
1348,3,3,Semiurban,Duplex,Maharashtra,Pune,5589789
2718,4,4,Semiurban,Apartment,Karnataka,Mysuru,10642685
4001,3,3,Rural,Apartment,Tamil Nadu,Chennai,9695249
4162,1,1,Urban,Apartment,Karnataka,Mysuru,21175910
1596,1,1,Rural,Apartment,Uttar Pradesh,Lucknow,3054623
1850,1,1,Rural,Apartment,Tamil Nadu,Chennai,4538214
3748,2,2,Semiurban,Apartment,Gujarat,Surat,12419770
3572,3,3,Urban,Duplex,Karnataka,Mysuru,19714403
1936,4,4,Urban,Apartment,Delhi (UT),Delhi,11010066
1318,5,4,Rural,Apartment,Karnataka,Mysuru,3138776
4368,1,1,Urban,Villa,Maharashtra,Pune,26017291
3550,4,3,Semiurban,Duplex,Tamil Nadu,Chennai,14011182
1051,5,5,Urban,Villa,Tamil Nadu,Coimbatore,6270657
3657,4,4,Rural,Duplex,Maharashtra,Pune,10492093
1103,2,2,Rural,Duplex,Maharashtra,Mumbai,3021348
4190,2,2,Urban,Apartment,Karnataka,Bengaluru,20734631
2259,5,5,Semiurban,Apartment,Karnataka,Mysuru,8575172
3223,4,4,Urban,Apartment,Maharashtra,Mumbai,16686185
3059,5,5,Semiurban,Duplex,Gujarat,Surat,11508949
2467,5,5,Rural,Duplex,Uttar Pradesh,Lucknow,5283942
4405,3,3,Urban,Duplex,Karnataka,Mysuru,24174583
4057,5,4,Semiurban,Villa,Delhi (UT),Delhi,20277416
2858,1,1,Rural,Duplex,Maharashtra,Pune,8518706
3853,1,1,Urban,Apartment,Gujarat,Ahmedabad,16307597
1482,1,0,Semiurban,Villa,Delhi (UT),Delhi,7206890
3774,4,4,Urban,Duplex,Karnataka,Mysuru,20543809
808,4,4,Semiurban,Duplex,Karnataka,Mysuru,3365818
866,1,1,Semiurban,Duplex,Karnataka,Mysuru,3637408
974,3,3,Semiurban,Villa,Uttar Pradesh,Noida,3627115
2263,4,4,Urban,Apartment,Karnataka,Mysuru,11143539
2822,2,2,Urban,Villa,Uttar Pradesh,Noida,13895091
2989,4,4,Urban,Villa,Delhi (UT),Delhi,20592896
2566,3,3,Semiurban,Apartment,Uttar Pradesh,Noida,7861859
1844,4,4,Rural,Villa,Maharashtra,Pune,5943647
3373,5,5,Urban,Villa,Gujarat,Ahmedabad,18006666
1768,4,4,Rural,Villa,Uttar Pradesh,Lucknow,4445169
4294,2,2,Urban,Apartment,Uttar Pradesh,Lucknow,16572964
1523,2,2,Semiurban,Villa,Uttar Pradesh,Noida,5316432
3859,2,2,Urban,Apartment,Maharashtra,Pune,20546296
2839,5,5,Urban,Apartment,Delhi (UT),Delhi,15462678
2609,3,2,Rural,Duplex,Karnataka,Mysuru,6917349
2888,4,4,Rural,Villa,Maharashtra,Mumbai,9367963
2738,2,2,Rural,Villa,Karnataka,Bengaluru,8567715
3715,2,2,Urban,Villa,Delhi (UT),Delhi,25899114
1109,5,5,Urban,Duplex,Tamil Nadu,Chennai,5911962
2055,4,4,Urban,Villa,Delhi (UT),Delhi,13874128
3692,4,4,Urban,Villa,Delhi (UT),Delhi,23977246
2505,3,3,Semiurban,Apartment,Uttar Pradesh,Noida,7175629
3966,1,1,Semiurban,Villa,Uttar Pradesh,Lucknow,14697373
3926,5,5,Urban,Villa,Maharashtra,Mumbai,24917599
3817,5,5,Urban,Duplex,Karnataka,Bengaluru,21809630
3637,5,5,Semiurban,Duplex,Maharashtra,Pune,15467615
3832,4,4,Semiurban,Apartment,Gujarat,Surat,12849784
1815,5,5,Semiurban,Apartment,Maharashtra,Pune,6824105
1875,3,3,Urban,Apartment,Maharashtra,Pune,9596147
1241,3,2,Rural,Apartment,Karnataka,Mysuru,3227113
4252,5,4,Semiurban,Duplex,Uttar Pradesh,Lucknow,13788019
4431,1,1,Rural,Apartment,Tamil Nadu,Coimbatore,10959120
1732,1,1,Urban,Villa,Karnataka,Mysuru,10331870
2019,4,4,Rural,Apartment,Maharashtra,Pune,5430824
2843,4,3,Semiurban,Villa,Delhi (UT),Delhi,15007214
2450,5,5,Semiurban,Duplex,Delhi (UT),Delhi,11035139
1032,2,1,Semiurban,Duplex,Delhi (UT),Delhi,4561181
1567,1,1,Rural,Duplex,Gujarat,Surat,3621926
801,4,3,Semiurban,Villa,Tamil Nadu,Coimbatore,3378063
1671,1,1,Rural,Apartment,Karnataka,Bengaluru,4257993
3871,4,4,Rural,Villa,Delhi (UT),Delhi,12922653
2075,3,2,Urban,Duplex,Karnataka,Bengaluru,11900485
3658,3,3,Semiurban,Duplex,Maharashtra,Mumbai,16360752
4179,5,4,Urban,Apartment,Tamil Nadu,Chennai,20557206
2178,1,0,Rural,Duplex,Maharashtra,Pune,6198059
3493,3,3,Urban,Apartment,Karnataka,Bengaluru,17057257
1946,3,3,Rural,Villa,Maharashtra,Pune,6278572
4192,1,1,Urban,Villa,Uttar Pradesh,Lucknow,19896483
1225,4,4,Rural,Duplex,Delhi (UT),Delhi,3920992
3379,4,4,Urban,Villa,Delhi (UT),Delhi,22055360
4134,2,2,Urban,Duplex,Tamil Nadu,Coimbatore,22158298
2602,1,1,Semiurban,Apartment,Tamil Nadu,Coimbatore,9222967
4247,4,3,Semiurban,Villa,Gujarat,Ahmedabad,16599804
2683,3,3,Urban,Villa,Delhi (UT),Delhi,18166052
1677,4,4,Rural,Villa,Delhi (UT),Delhi,5789788
4373,3,3,Semiurban,Duplex,Maharashtra,Mumbai,17978963
3016,1,1,Rural,Villa,Delhi (UT),Delhi,10384547
3691,3,3,Semiurban,Villa,Karnataka,Bengaluru,16198556
2426,4,3,Urban,Duplex,Karnataka,Mysuru,13100956
1749,2,2,Urban,Villa,Maharashtra,Mumbai,10731915
3980,5,5,Semiurban,Villa,Delhi (UT),Delhi,19093453
4332,3,3,Semiurban,Duplex,Gujarat,Surat,15239236
1936,4,4,Semiurban,Duplex,Uttar Pradesh,Lucknow,6306820
1400,2,2,Semiurban,Duplex,Delhi (UT),Delhi,6167275
1403,1,0,Urban,Duplex,Uttar Pradesh,Lucknow,5988452
1917,3,3,Rural,Duplex,Gujarat,Ahmedabad,4574033
3935,2,2,Semiurban,Duplex,Gujarat,Ahmedabad,14385858
2800,2,2,Rural,Duplex,Delhi (UT),Delhi,8783881
2102,4,4,Semiurban,Apartment,Tamil Nadu,Chennai,7887206
2236,5,5,Rural,Duplex,Tamil Nadu,Coimbatore,5634950
979,3,3,Semiurban,Duplex,Uttar Pradesh,Noida,3383320
3189,3,3,Rural,Apartment,Maharashtra,Mumbai,8321527
2518,5,5,Rural,Duplex,Karnataka,Mysuru,6621204
1621,1,1,Rural,Apartment,Delhi (UT),Delhi,4759977
2163,4,4,Urban,Duplex,Maharashtra,Mumbai,11948221
2959,1,1,Rural,Apartment,Maharashtra,Pune,7505216
2492,1,1,Urban,Duplex,Delhi (UT),Delhi,15483976
4404,3,3,Urban,Apartment,Delhi (UT),Delhi,24816793
2295,4,3,Rural,Duplex,Tamil Nadu,Chennai,6074755
1109,1,1,Rural,Villa,Tamil Nadu,Coimbatore,3066653
3424,1,1,Rural,Duplex,Uttar Pradesh,Noida,7403151
2493,2,2,Urban,Villa,Karnataka,Bengaluru,15120135
2387,1,1,Urban,Villa,Gujarat,Ahmedabad,13009613
2197,3,3,Rural,Duplex,Gujarat,Ahmedabad,5102436
1867,1,1,Semiurban,Apartment,Tamil Nadu,Chennai,6999031
1235,2,2,Urban,Villa,Delhi (UT),Delhi,8155764
4014,4,4,Rural,Villa,Tamil Nadu,Chennai,11883532
3834,4,4,Urban,Duplex,Uttar Pradesh,Noida,16248045
4440,1,1,Urban,Villa,Maharashtra,Pune,28257370
2948,3,3,Urban,Apartment,Karnataka,Bengaluru,15432039
4256,4,3,Semiurban,Duplex,Uttar Pradesh,Noida,14498239
3041,5,4,Semiurban,Apartment,Gujarat,Surat,9929736
1193,3,3,Rural,Villa,Delhi (UT),Delhi,4055593
2550,4,4,Urban,Duplex,Uttar Pradesh,Noida,10873082
3442,2,2,Rural,Apartment,Delhi (UT),Delhi,9228797
1756,4,4,Urban,Villa,Karnataka,Bengaluru,10601977
2096,4,4,Semiurban,Duplex,Maharashtra,Mumbai,8883398
3915,5,5,Urban,Apartment,Maharashtra,Pune,21244027
1752,5,5,Semiurban,Apartment,Tamil Nadu,Chennai,6492033
2097,1,1,Semiurban,Apartment,Gujarat,Ahmedabad,7071337
1701,4,4,Urban,Villa,Uttar Pradesh,Lucknow,7852240
2281,1,1,Semiurban,Villa,Tamil Nadu,Chennai,9793055
4196,4,3,Semiurban,Villa,Gujarat,Ahmedabad,17013004
4226,3,3,Urban,Villa,Maharashtra,Mumbai,26714039
3836,1,0,Urban,Apartment,Karnataka,Mysuru,18757824
2081,1,1,Semiurban,Duplex,Tamil Nadu,Coimbatore,8224107
1241,3,3,Semiurban,Duplex,Maharashtra,Pune,5539741
3255,4,4,Semiurban,Villa,Karnataka,Bengaluru,14853747
2214,2,2,Urban,Apartment,Karnataka,Mysuru,11257951
4489,5,5,Rural,Duplex,Delhi (UT),Delhi,13512018
1496,1,1,Semiurban,Apartment,Delhi (UT),Delhi,6069296
806,5,5,Semiurban,Duplex,Tamil Nadu,Chennai,3184833
4327,1,0,Rural,Villa,Karnataka,Bengaluru,13407032
1709,1,1,Rural,Villa,Uttar Pradesh,Noida,4209205
879,2,2,Semiurban,Apartment,Delhi (UT),Delhi,3579839
3500,1,1,Rural,Duplex,Maharashtra,Mumbai,9553422
1735,1,1,Semiurban,Villa,Delhi (UT),Delhi,8920219
3067,2,2,Rural,Apartment,Maharashtra,Mumbai,7825802
4195,2,2,Urban,Apartment,Delhi (UT),Delhi,22427498
3970,2,2,Urban,Apartment,Maharashtra,Mumbai,21178440
3182,2,2,Semiurban,Villa,Tamil Nadu,Coimbatore,13591508
4265,2,2,Rural,Apartment,Gujarat,Surat,9253596
1071,3,3,Semiurban,Duplex,Delhi (UT),Delhi,5047710
4060,2,1,Semiurban,Apartment,Karnataka,Mysuru,15144534
4343,3,3,Semiurban,Villa,Gujarat,Ahmedabad,16338955
3225,4,4,Semiurban,Villa,Tamil Nadu,Chennai,14248548
2100,1,1,Rural,Duplex,Delhi (UT),Delhi,6311754
3631,2,2,Semiurban,Duplex,Maharashtra,Mumbai,16179268
2956,1,1,Semiurban,Villa,Delhi (UT),Delhi,15256176
891,3,3,Urban,Villa,Uttar Pradesh,Lucknow,4166744
4323,4,4,Semiurban,Apartment,Uttar Pradesh,Lucknow,12702452
3302,4,3,Rural,Villa,Maharashtra,Pune,10527492
1979,1,1,Rural,Apartment,Maharashtra,Mumbai,5124814
1310,4,4,Rural,Duplex,Karnataka,Bengaluru,3539396
2985,1,1,Semiurban,Apartment,Maharashtra,Mumbai,12198387
1869,4,4,Rural,Villa,Gujarat,Surat,4906066
3534,5,5,Semiurban,Apartment,Uttar Pradesh,Lucknow,10338774
993,5,4,Semiurban,Villa,Gujarat,Ahmedabad,4096419
3362,3,3,Urban,Duplex,Delhi (UT),Delhi,20721877
2968,4,3,Urban,Villa,Maharashtra,Mumbai,17938784
2830,4,4,Rural,Duplex,Tamil Nadu,Coimbatore,7305013
3490,5,5,Rural,Duplex,Karnataka,Mysuru,9649420
2848,3,3,Semiurban,Duplex,Maharashtra,Pune,12696701
3209,2,2,Rural,Apartment,Karnataka,Bengaluru,7675317
2066,4,4,Semiurban,Duplex,Tamil Nadu,Chennai,8112543
3464,3,3,Semiurban,Apartment,Tamil Nadu,Chennai,12910380
2322,4,4,Semiurban,Apartment,Uttar Pradesh,Lucknow,6730268
2999,3,3,Urban,Villa,Karnataka,Mysuru,17405073
2884,5,5,Urban,Apartment,Delhi (UT),Delhi,16694074
2956,5,5,Semiurban,Villa,Tamil Nadu,Coimbatore,12184724
3838,4,4,Semiurban,Duplex,Gujarat,Ahmedabad,13324156
2165,3,3,Urban,Apartment,Uttar Pradesh,Lucknow,8386423
1269,1,0,Urban,Apartment,Karnataka,Bengaluru,6170072
1951,2,2,Urban,Apartment,Delhi (UT),Delhi,11200795
1637,5,4,Rural,Apartment,Uttar Pradesh,Noida,3212023
4414,1,1,Rural,Apartment,Gujarat,Surat,9736623
4161,5,5,Rural,Duplex,Karnataka,Mysuru,11037697
3524,2,2,Semiurban,Apartment,Uttar Pradesh,Lucknow,10062884
3868,2,2,Urban,Apartment,Tamil Nadu,Coimbatore,17755586
2721,4,4,Rural,Villa,Gujarat,Surat,7078392
3935,5,5,Rural,Villa,Delhi (UT),Delhi,13374251
2021,3,3,Semiurban,Villa,Karnataka,Bengaluru,8908130
3946,4,4,Urban,Duplex,Tamil Nadu,Coimbatore,20021381
801,2,2,Semiurban,Villa,Uttar Pradesh,Noida,2906676
3946,5,4,Semiurban,Apartment,Uttar Pradesh,Lucknow,11565254
1268,4,4,Semiurban,Villa,Karnataka,Bengaluru,5742120
1621,1,1,Rural,Apartment,Tamil Nadu,Chennai,3862574
3357,5,5,Semiurban,Villa,Gujarat,Surat,13224651
2514,2,2,Semiurban,Villa,Karnataka,Mysuru,11681355
3413,2,2,Urban,Apartment,Tamil Nadu,Chennai,17089773
2527,4,4,Semiurban,Villa,Delhi (UT),Delhi,12905775
2860,4,4,Semiurban,Apartment,Gujarat,Surat,9530123
4063,2,2,Rural,Villa,Gujarat,Ahmedabad,11081152
1109,5,5,Semiurban,Apartment,Karnataka,Bengaluru,4200506
870,5,5,Urban,Villa,Karnataka,Mysuru,5470917
1946,2,1,Rural,Duplex,Tamil Nadu,Chennai,5272411
1377,1,1,Urban,Villa,Karnataka,Mysuru,8182510
2387,5,5,Semiurban,Duplex,Gujarat,Ahmedabad,8756074
1628,4,4,Semiurban,Duplex,Gujarat,Ahmedabad,5965132
1985,3,3,Rural,Villa,Karnataka,Mysuru,6130713
3180,1,1,Semiurban,Duplex,Uttar Pradesh,Lucknow,10715957
2974,2,2,Rural,Duplex,Tamil Nadu,Coimbatore,7712866
1532,1,1,Rural,Duplex,Maharashtra,Mumbai,4457560
4406,3,2,Rural,Villa,Tamil Nadu,Chennai,13204836
1056,3,3,Urban,Duplex,Delhi (UT),Delhi,6334666
1354,4,4,Rural,Villa,Gujarat,Ahmedabad,3487259
1841,3,3,Rural,Duplex,Maharashtra,Mumbai,5477946
2857,5,5,Urban,Duplex,Maharashtra,Pune,16932220
966,2,2,Rural,Villa,Delhi (UT),Delhi,3150198
1005,3,2,Urban,Duplex,Karnataka,Mysuru,5627286
3195,1,0,Urban,Duplex,Karnataka,Bengaluru,18434814
4273,1,1,Rural,Apartment,Tamil Nadu,Chennai,10503101
2932,1,1,Urban,Villa,Maharashtra,Pune,17632539
3480,2,2,Semiurban,Duplex,Karnataka,Mysuru,13722501
3298,3,3,Rural,Villa,Karnataka,Mysuru,9745210
2300,5,4,Semiurban,Apartment,Uttar Pradesh,Lucknow,7004966
1257,5,5,Urban,Villa,Gujarat,Ahmedabad,6818875
1727,3,2,Semiurban,Villa,Karnataka,Mysuru,7396753
880,3,2,Urban,Villa,Karnataka,Mysuru,5198086
4066,2,2,Urban,Apartment,Delhi (UT),Delhi,22722034
2345,1,1,Rural,Villa,Maharashtra,Pune,7154417
3854,4,3,Rural,Apartment,Maharashtra,Pune,10268666
1976,2,2,Rural,Duplex,Maharashtra,Mumbai,5383572
2446,5,5,Rural,Duplex,Gujarat,Ahmedabad,5881323
3072,1,0,Rural,Villa,Karnataka,Bengaluru,8922736
3759,2,2,Urban,Villa,Delhi (UT),Delhi,25236539
4112,1,1,Rural,Duplex,Gujarat,Ahmedabad,9483815
3499,3,3,Semiurban,Duplex,Tamil Nadu,Chennai,13589630
1021,4,3,Rural,Duplex,Tamil Nadu,Coimbatore,2744541
1496,1,0,Rural,Villa,Tamil Nadu,Coimbatore,4509052
3140,2,2,Semiurban,Apartment,Delhi (UT),Delhi,13234749
920,1,0,Rural,Apartment,Tamil Nadu,Chennai,2182078
2984,2,2,Rural,Duplex,Maharashtra,Pune,8612380
924,4,3,Urban,Duplex,Uttar Pradesh,Noida,3904266
993,2,2,Semiurban,Villa,Delhi (UT),Delhi,4871580
1965,3,3,Semiurban,Apartment,Tamil Nadu,Chennai,6910813
3800,2,2,Semiurban,Apartment,Uttar Pradesh,Lucknow,11367897
3380,2,2,Rural,Apartment,Uttar Pradesh,Lucknow,6762377
3524,3,3,Rural,Villa,Tamil Nadu,Coimbatore,10541251
3830,5,5,Urban,Duplex,Maharashtra,Mumbai,22026640
4051,3,3,Semiurban,Duplex,Karnataka,Bengaluru,16145026
2699,5,5,Rural,Apartment,Delhi (UT),Delhi,7625042
2445,4,4,Semiurban,Duplex,Maharashtra,Mumbai,10230360
3833,4,4,Rural,Apartment,Maharashtra,Mumbai,10211503
2850,2,2,Urban,Apartment,Gujarat,Surat,12430627
805,1,1,Rural,Villa,Karnataka,Mysuru,2310288
2182,2,2,Semiurban,Apartment,Uttar Pradesh,Noida,6456891
2714,1,0,Semiurban,Duplex,Maharashtra,Pune,11620255
2821,5,5,Semiurban,Apartment,Delhi (UT),Delhi,11263158
2432,5,5,Rural,Villa,Gujarat,Surat,6317127
1831,3,3,Urban,Duplex,Karnataka,Bengaluru,10212249
4339,4,4,Urban,Villa,Uttar Pradesh,Noida,21541036
3450,2,2,Semiurban,Villa,Karnataka,Bengaluru,16120359
2571,4,3,Semiurban,Apartment,Uttar Pradesh,Lucknow,7533312
4426,4,4,Rural,Villa,Uttar Pradesh,Lucknow,10152391
3160,2,2,Rural,Apartment,Gujarat,Ahmedabad,6962139
2074,4,4,Rural,Duplex,Maharashtra,Mumbai,5780910
832,5,4,Semiurban,Villa,Delhi (UT),Delhi,4037940
3762,1,1,Rural,Duplex,Tamil Nadu,Coimbatore,9478573
1702,2,2,Rural,Villa,Delhi (UT),Delhi,5933845
3982,5,5,Urban,Duplex,Tamil Nadu,Chennai,21131189
2788,2,1,Urban,Villa,Delhi (UT),Delhi,18777648
4322,2,1,Urban,Apartment,Gujarat,Surat,18710445
2811,2,2,Urban,Duplex,Delhi (UT),Delhi,18119588
3349,5,5,Urban,Duplex,Karnataka,Bengaluru,17543562
2042,3,3,Urban,Duplex,Gujarat,Surat,9611626
2045,1,1,Rural,Duplex,Uttar Pradesh,Noida,4658893
2648,3,3,Urban,Duplex,Uttar Pradesh,Lucknow,11394849
2848,4,4,Urban,Duplex,Karnataka,Bengaluru,15380766
1930,3,3,Rural,Villa,Karnataka,Bengaluru,5957506
4219,4,4,Rural,Villa,Uttar Pradesh,Lucknow,10071341
1739,4,3,Semiurban,Villa,Karnataka,Bengaluru,7455446
2783,4,4,Rural,Villa,Gujarat,Surat,7580343
1893,4,4,Urban,Apartment,Karnataka,Mysuru,9153354
1634,5,5,Rural,Apartment,Tamil Nadu,Coimbatore,3740512
1258,2,2,Urban,Duplex,Delhi (UT),Delhi,7578970
3867,3,3,Semiurban,Villa,Delhi (UT),Delhi,18706286
2092,3,2,Urban,Duplex,Maharashtra,Pune,12051419
2319,4,3,Rural,Apartment,Karnataka,Bengaluru,5549440
4434,4,3,Semiurban,Villa,Uttar Pradesh,Noida,15353280
1334,4,4,Rural,Villa,Delhi (UT),Delhi,4453993
1380,3,2,Urban,Villa,Uttar Pradesh,Lucknow,6736033
992,2,2,Semiurban,Duplex,Tamil Nadu,Chennai,3750355
2029,1,1,Semiurban,Apartment,Karnataka,Mysuru,7974081
3755,2,2,Semiurban,Villa,Maharashtra,Pune,17138854
2441,5,5,Semiurban,Villa,Delhi (UT),Delhi,11723697
4327,1,0,Urban,Duplex,Tamil Nadu,Coimbatore,23069174
850,1,1,Semiurban,Villa,Delhi (UT),Delhi,4305408
2597,3,3,Semiurban,Apartment,Delhi (UT),Delhi,10607255
3913,5,5,Rural,Villa,Tamil Nadu,Chennai,11611448
1163,2,1,Rural,Duplex,Karnataka,Bengaluru,3167285
1290,3,2,Semiurban,Duplex,Maharashtra,Pune,5390899
4004,2,1,Rural,Duplex,Maharashtra,Mumbai,11198650
2215,3,2,Rural,Villa,Maharashtra,Mumbai,6637123
2133,3,2,Urban,Villa,Gujarat,Ahmedabad,11370015
2914,2,2,Semiurban,Villa,Delhi (UT),Delhi,14309015
3655,3,3,Urban,Apartment,Gujarat,Ahmedabad,16043276
1328,1,1,Rural,Villa,Karnataka,Bengaluru,4055929
1341,2,1,Semiurban,Duplex,Karnataka,Bengaluru,5398746
1143,1,1,Urban,Duplex,Maharashtra,Mumbai,6842749
3502,2,1,Rural,Apartment,Delhi (UT),Delhi,9903407
3518,5,5,Semiurban,Villa,Karnataka,Bengaluru,16073565
2183,1,1,Semiurban,Villa,Gujarat,Surat,8634741
2212,4,3,Rural,Villa,Gujarat,Ahmedabad,6020467
1202,3,2,Semiurban,Duplex,Uttar Pradesh,Noida,4087517
2469,4,4,Rural,Apartment,Karnataka,Mysuru,6342927
3481,1,1,Semiurban,Apartment,Tamil Nadu,Chennai,12666329
1750,1,1,Urban,Apartment,Karnataka,Mysuru,8404085
3822,2,2,Rural,Villa,Tamil Nadu,Chennai,10769678
4120,3,3,Rural,Villa,Uttar Pradesh,Noida,10349050
2091,4,4,Rural,Apartment,Delhi (UT),Delhi,6002931
1906,1,0,Rural,Duplex,Uttar Pradesh,Lucknow,4292413
1287,4,3,Semiurban,Villa,Tamil Nadu,Chennai,5808103
2628,3,2,Semiurban,Apartment,Delhi (UT),Delhi,11315362
4099,1,1,Semiurban,Villa,Gujarat,Ahmedabad,16668435
1020,4,4,Rural,Villa,Gujarat,Surat,2566643
2222,2,2,Urban,Duplex,Gujarat,Surat,10764455
3939,5,5,Rural,Villa,Gujarat,Ahmedabad,10251756
1294,5,4,Semiurban,Duplex,Maharashtra,Pune,5343349
1164,5,5,Rural,Villa,Tamil Nadu,Coimbatore,3288820
990,1,1,Urban,Apartment,Delhi (UT),Delhi,5528721
2090,1,0,Rural,Duplex,Karnataka,Bengaluru,5897151
4251,2,2,Urban,Apartment,Gujarat,Ahmedabad,18196389
4053,2,2,Semiurban,Villa,Uttar Pradesh,Lucknow,14490083
1980,5,4,Urban,Villa,Gujarat,Ahmedabad,10414691
2677,4,4,Semiurban,Apartment,Uttar Pradesh,Noida,7689981
4234,5,5,Semiurban,Apartment,Gujarat,Ahmedabad,14317355
3162,1,1,Urban,Duplex,Uttar Pradesh,Noida,14018304
1548,5,4,Rural,Apartment,Maharashtra,Mumbai,3921341
3936,4,4,Semiurban,Apartment,Gujarat,Ahmedabad,13029178
2505,3,3,Semiurban,Duplex,Delhi (UT),Delhi,11211129
4044,4,3,Semiurban,Apartment,Delhi (UT),Delhi,17203038
4085,5,5,Urban,Duplex,Gujarat,Ahmedabad,18959373
3533,2,2,Semiurban,Villa,Uttar Pradesh,Noida,12811101
2806,4,4,Rural,Villa,Uttar Pradesh,Noida,6692101
2427,4,4,Urban,Duplex,Uttar Pradesh,Noida,10524796
3557,1,1,Rural,Villa,Maharashtra,Mumbai,11416200
3462,5,5,Rural,Apartment,Maharashtra,Mumbai,8566439
4290,4,4,Semiurban,Duplex,Uttar Pradesh,Noida,13778973
3355,1,1,Semiurban,Villa,Maharashtra,Pune,15386178
4298,3,3,Semiurban,Villa,Maharashtra,Pune,19194510
3144,5,5,Urban,Apartment,Delhi (UT),Delhi,17833088
1622,3,3,Rural,Duplex,Maharashtra,Pune,4796274
3253,1,1,Rural,Villa,Gujarat,Ahmedabad,8518948
970,2,1,Semiurban,Apartment,Karnataka,Bengaluru,3809136
863,2,2,Urban,Duplex,Uttar Pradesh,Noida,3643778
3462,1,1,Semiurban,Villa,Delhi (UT),Delhi,17227835
4303,1,1,Rural,Villa,Uttar Pradesh,Noida,9909584
2148,1,1,Urban,Apartment,Karnataka,Bengaluru,10843831
1676,5,5,Rural,Duplex,Uttar Pradesh,Noida,3754522
1926,3,3,Rural,Villa,Karnataka,Bengaluru,6003641
4403,1,1,Semiurban,Duplex,Uttar Pradesh,Noida,14078053
1334,4,3,Semiurban,Villa,Delhi (UT),Delhi,6600191
3109,5,5,Urban,Apartment,Gujarat,Surat,13632057
1287,3,2,Urban,Duplex,Tamil Nadu,Chennai,7127816
1161,2,2,Urban,Villa,Uttar Pradesh,Lucknow,5821233
3452,1,0,Semiurban,Apartment,Uttar Pradesh,Lucknow,10654239
995,3,3,Semiurban,Villa,Uttar Pradesh,Noida,3552561
3823,2,2,Urban,Villa,Uttar Pradesh,Lucknow,18289442
2955,1,1,Rural,Villa,Karnataka,Bengaluru,8978163
973,4,4,Semiurban,Villa,Gujarat,Ahmedabad,3930504
4465,1,0,Semiurban,Apartment,Delhi (UT),Delhi,18687474
1116,3,2,Rural,Duplex,Tamil Nadu,Chennai,2982944
953,2,2,Urban,Villa,Gujarat,Surat,5072525
1341,1,1,Urban,Villa,Gujarat,Ahmedabad,6766041
2947,2,2,Semiurban,Duplex,Karnataka,Mysuru,12514218
1389,3,3,Rural,Villa,Gujarat,Surat,3797870
1110,2,1,Urban,Apartment,Delhi (UT),Delhi,6350556
1694,1,1,Urban,Duplex,Maharashtra,Pune,9992100
1395,2,2,Urban,Duplex,Tamil Nadu,Coimbatore,7065654
3412,1,0,Semiurban,Villa,Maharashtra,Mumbai,15634939
1616,4,3,Semiurban,Villa,Gujarat,Ahmedabad,6702496
1853,5,4,Urban,Villa,Delhi (UT),Delhi,12716450
849,3,3,Urban,Villa,Uttar Pradesh,Lucknow,4140793
3369,5,5,Urban,Villa,Uttar Pradesh,Lucknow,16599641
3908,4,4,Semiurban,Duplex,Gujarat,Surat,14157560
1179,4,3,Rural,Villa,Maharashtra,Mumbai,3777460
1522,1,1,Rural,Apartment,Maharashtra,Mumbai,3954728
2172,2,1,Urban,Duplex,Tamil Nadu,Chennai,11830199
3953,3,3,Semiurban,Villa,Maharashtra,Pune,17962380
1860,3,3,Semiurban,Duplex,Maharashtra,Pune,8318215
4101,4,4,Semiurban,Villa,Maharashtra,Mumbai,18966476
1162,4,4,Urban,Apartment,Gujarat,Ahmedabad,5192749
1751,2,2,Semiurban,Villa,Maharashtra,Mumbai,8411667
3468,4,4,Urban,Duplex,Gujarat,Ahmedabad,17261713
1638,1,1,Rural,Duplex,Maharashtra,Pune,4775797
2476,2,1,Semiurban,Villa,Maharashtra,Mumbai,12013676
2688,3,2,Rural,Apartment,Gujarat,Ahmedabad,6001559
3094,5,5,Urban,Villa,Maharashtra,Pune,18636709
1197,2,2,Semiurban,Apartment,Uttar Pradesh,Noida,3466910
2270,5,5,Rural,Duplex,Gujarat,Surat,5721093
1050,3,3,Urban,Villa,Tamil Nadu,Chennai,5803974
3582,5,5,Semiurban,Duplex,Maharashtra,Mumbai,16040422
3399,5,5,Rural,Villa,Karnataka,Mysuru,9860148
3690,3,3,Urban,Apartment,Uttar Pradesh,Lucknow,14150512
2027,2,2,Semiurban,Apartment,Karnataka,Bengaluru,7568675
4145,5,5,Rural,Duplex,Karnataka,Bengaluru,11662728
1387,5,5,Urban,Villa,Gujarat,Ahmedabad,7258451
1902,3,3,Urban,Villa,Maharashtra,Mumbai,12315413
1275,2,2,Rural,Apartment,Gujarat,Ahmedabad,2871503
2554,4,3,Rural,Duplex,Karnataka,Mysuru,6800672
3649,3,3,Urban,Villa,Delhi (UT),Delhi,25546999
3067,2,2,Rural,Apartment,Gujarat,Ahmedabad,6989475
4312,2,2,Rural,Villa,Delhi (UT),Delhi,13801176
3167,3,3,Rural,Apartment,Uttar Pradesh,Lucknow,6041547
4212,1,0,Rural,Duplex,Tamil Nadu,Chennai,11661125
2098,4,4,Semiurban,Villa,Karnataka,Mysuru,9156054
3854,2,2,Rural,Villa,Maharashtra,Pune,12545823
2356,5,5,Rural,Villa,Maharashtra,Mumbai,7202107
4066,5,5,Rural,Apartment,Delhi (UT),Delhi,11105319
2066,1,1,Semiurban,Apartment,Maharashtra,Mumbai,8174586
3804,4,4,Semiurban,Apartment,Delhi (UT),Delhi,16580202
3277,2,2,Rural,Villa,Maharashtra,Mumbai,10669391
1983,4,4,Urban,Apartment,Tamil Nadu,Chennai,9345922
3747,4,4,Semiurban,Villa,Karnataka,Mysuru,16653100
4479,2,2,Urban,Duplex,Karnataka,Mysuru,24477850
3851,1,1,Rural,Villa,Tamil Nadu,Coimbatore,11191301
4101,3,3,Semiurban,Villa,Delhi (UT),Delhi,21188002
1939,5,5,Urban,Apartment,Tamil Nadu,Chennai,8942732
1634,4,4,Urban,Apartment,Karnataka,Bengaluru,8053147
1682,1,1,Semiurban,Apartment,Gujarat,Ahmedabad,5613429
2827,1,1,Urban,Apartment,Delhi (UT),Delhi,15481799
3629,3,2,Urban,Apartment,Karnataka,Bengaluru,18549498
3564,1,1,Rural,Villa,Uttar Pradesh,Noida,8269900
4301,5,5,Semiurban,Duplex,Tamil Nadu,Chennai,17824950
1234,2,2,Rural,Duplex,Karnataka,Mysuru,3229437
3856,2,2,Urban,Apartment,Karnataka,Mysuru,19137742
4449,3,3,Semiurban,Apartment,Maharashtra,Mumbai,18107573
4459,1,0,Urban,Villa,Uttar Pradesh,Lucknow,22282198
1330,4,3,Rural,Duplex,Karnataka,Mysuru,3586560
3284,2,1,Rural,Duplex,Maharashtra,Pune,9325741
4455,5,4,Urban,Apartment,Tamil Nadu,Chennai,20320789
3771,5,5,Urban,Duplex,Tamil Nadu,Chennai,19637353
3805,1,1,Semiurban,Duplex,Maharashtra,Mumbai,16090555
3957,5,5,Urban,Villa,Karnataka,Mysuru,24155155
1025,5,5,Rural,Duplex,Karnataka,Mysuru,2902763
2458,2,2,Rural,Duplex,Delhi (UT),Delhi,7886864
3411,2,2,Rural,Villa,Tamil Nadu,Coimbatore,9635006
930,2,2,Rural,Duplex,Tamil Nadu,Chennai,2494117
2820,2,2,Semiurban,Apartment,Tamil Nadu,Chennai,10221689
2210,2,2,Rural,Duplex,Maharashtra,Mumbai,6564900
2080,5,5,Rural,Duplex,Gujarat,Surat,5167532
1349,3,2,Urban,Villa,Gujarat,Ahmedabad,6877595
4003,4,4,Urban,Apartment,Maharashtra,Mumbai,20876303
3593,3,3,Rural,Duplex,Karnataka,Bengaluru,9545327
2229,4,4,Urban,Villa,Gujarat,Surat,12317581
2396,4,4,Urban,Apartment,Maharashtra,Mumbai,12525280
3944,5,5,Urban,Duplex,Uttar Pradesh,Noida,17532396
1056,5,5,Urban,Villa,Gujarat,Ahmedabad,5686282
3865,4,3,Urban,Villa,Maharashtra,Pune,24571301
990,5,5,Urban,Apartment,Karnataka,Bengaluru,5143923
2090,1,1,Rural,Villa,Maharashtra,Pune,6496827
3428,2,1,Urban,Apartment,Delhi (UT),Delhi,18723614
1106,1,0,Urban,Apartment,Gujarat,Surat,4818997
2391,2,2,Rural,Apartment,Tamil Nadu,Chennai,5629818
3465,3,3,Rural,Duplex,Maharashtra,Pune,9877830
1649,5,4,Rural,Villa,Karnataka,Mysuru,4894886
3633,3,3,Semiurban,Apartment,Maharashtra,Pune,13677868
1525,5,5,Urban,Duplex,Delhi (UT),Delhi,9794934
3983,5,5,Rural,Apartment,Maharashtra,Mumbai,10503627
4196,2,2,Semiurban,Apartment,Tamil Nadu,Chennai,15432311
1051,2,1,Semiurban,Duplex,Maharashtra,Pune,4535984
1688,2,2,Rural,Duplex,Uttar Pradesh,Lucknow,3832559
1292,5,5,Semiurban,Villa,Karnataka,Bengaluru,5836341
1461,5,5,Rural,Apartment,Karnataka,Bengaluru,3819317
2508,4,4,Rural,Villa,Gujarat,Ahmedabad,6758206
2756,4,4,Rural,Villa,Uttar Pradesh,Lucknow,6572323
3696,4,4,Urban,Villa,Uttar Pradesh,Lucknow,18024913
3439,3,3,Urban,Apartment,Uttar Pradesh,Noida,13461379
2181,5,5,Semiurban,Apartment,Karnataka,Mysuru,8159689
1790,2,2,Semiurban,Villa,Tamil Nadu,Chennai,7359455
3925,5,4,Semiurban,Villa,Tamil Nadu,Chennai,17273356
1124,2,2,Urban,Villa,Karnataka,Mysuru,6420356
3802,5,5,Urban,Apartment,Maharashtra,Mumbai,19982075
1212,4,3,Rural,Apartment,Uttar Pradesh,Noida,2412191
2067,2,2,Rural,Apartment,Maharashtra,Pune,5606657
2644,5,5,Urban,Duplex,Tamil Nadu,Chennai,13848676
4362,3,3,Rural,Villa,Uttar Pradesh,Lucknow,10689665
4100,1,1,Semiurban,Apartment,Gujarat,Surat,13264483
2778,2,1,Semiurban,Apartment,Karnataka,Bengaluru,10093212
3100,5,4,Semiurban,Duplex,Delhi (UT),Delhi,13730908
1124,2,2,Semiurban,Villa,Gujarat,Ahmedabad,4665532
2050,3,3,Urban,Apartment,Gujarat,Ahmedabad,8593452
3641,3,3,Semiurban,Apartment,Uttar Pradesh,Lucknow,10698662
3322,1,0,Urban,Duplex,Karnataka,Mysuru,18088958
1885,2,2,Semiurban,Duplex,Maharashtra,Mumbai,7816299
1056,2,2,Urban,Duplex,Uttar Pradesh,Lucknow,4628171
3034,4,4,Urban,Duplex,Maharashtra,Pune,18007168
2982,1,1,Semiurban,Apartment,Tamil Nadu,Chennai,10779966
2700,1,0,Urban,Villa,Tamil Nadu,Coimbatore,15627535
2394,2,2,Semiurban,Apartment,Gujarat,Ahmedabad,7694793
3771,3,3,Semiurban,Duplex,Karnataka,Mysuru,14956050
3112,3,3,Semiurban,Duplex,Delhi (UT),Delhi,14579622
3665,1,0,Semiurban,Apartment,Karnataka,Bengaluru,14189548
2375,3,3,Semiurban,Duplex,Uttar Pradesh,Lucknow,7486575
2072,5,5,Semiurban,Duplex,Uttar Pradesh,Noida,7177248
2394,3,3,Urban,Villa,Delhi (UT),Delhi,15685137
3533,3,2,Rural,Villa,Uttar Pradesh,Noida,8436992
1422,2,2,Rural,Duplex,Uttar Pradesh,Noida,3014058
4084,1,1,Urban,Villa,Tamil Nadu,Coimbatore,22816355
4122,1,1,Rural,Apartment,Maharashtra,Pune,10875780
2760,1,1,Semiurban,Villa,Gujarat,Surat,10958775
3738,3,3,Rural,Apartment,Delhi (UT),Delhi,10468230
2909,5,5,Rural,Villa,Tamil Nadu,Chennai,8647341
3559,3,3,Urban,Apartment,Delhi (UT),Delhi,19903805
1742,2,2,Rural,Apartment,Delhi (UT),Delhi,5110497
1290,2,2,Semiurban,Villa,Tamil Nadu,Chennai,5706884
900,1,1,Semiurban,Apartment,Gujarat,Surat,3085582
2891,5,5,Semiurban,Villa,Delhi (UT),Delhi,14402146
3364,4,4,Rural,Villa,Maharashtra,Pune,10910402
1596,4,4,Urban,Villa,Uttar Pradesh,Noida,7290616
3875,2,2,Rural,Apartment,Uttar Pradesh,Lucknow,7419133
1527,1,0,Rural,Duplex,Uttar Pradesh,Noida,3424183
2874,2,2,Semiurban,Duplex,Uttar Pradesh,Noida,9239771
3668,3,2,Semiurban,Villa,Delhi (UT),Delhi,18054505
1159,2,2,Urban,Duplex,Maharashtra,Mumbai,6704716
2686,2,2,Urban,Duplex,Maharashtra,Pune,15694116
2802,4,4,Semiurban,Duplex,Gujarat,Surat,10474498
2803,4,4,Urban,Apartment,Delhi (UT),Delhi,16133005
1133,4,4,Urban,Apartment,Karnataka,Mysuru,5788978
2952,1,1,Rural,Villa,Delhi (UT),Delhi,10273425
3315,4,3,Urban,Apartment,Karnataka,Mysuru,16231049
832,5,5,Semiurban,Duplex,Gujarat,Surat,3121940
1495,2,2,Semiurban,Villa,Delhi (UT),Delhi,7709263
4414,1,0,Rural,Villa,Delhi (UT),Delhi,14425823
1940,3,2,Semiurban,Apartment,Uttar Pradesh,Lucknow,6064355
3368,1,1,Urban,Villa,Karnataka,Mysuru,19272036
1008,3,3,Rural,Duplex,Gujarat,Ahmedabad,2429643
4099,2,2,Semiurban,Apartment,Tamil Nadu,Coimbatore,15079977
900,5,5,Semiurban,Apartment,Delhi (UT),Delhi,3760996
2152,1,1,Rural,Duplex,Gujarat,Ahmedabad,5213752
3994,3,2,Rural,Villa,Gujarat,Surat,10343415
2656,2,1,Urban,Villa,Maharashtra,Mumbai,16254882
1656,1,1,Semiurban,Apartment,Maharashtra,Mumbai,6403986
3211,5,4,Semiurban,Villa,Uttar Pradesh,Noida,11497482
2947,4,4,Rural,Apartment,Gujarat,Ahmedabad,6347800
1960,5,5,Urban,Villa,Delhi (UT),Delhi,13407355
1856,4,4,Rural,Apartment,Karnataka,Bengaluru,4529227
3890,1,1,Rural,Villa,Maharashtra,Mumbai,12211882
1948,3,2,Semiurban,Villa,Karnataka,Bengaluru,8839677
837,4,4,Urban,Apartment,Delhi (UT),Delhi,4655115
2627,5,5,Semiurban,Apartment,Maharashtra,Mumbai,9954537
944,1,1,Urban,Apartment,Gujarat,Ahmedabad,4327537
1016,5,5,Rural,Villa,Maharashtra,Pune,3308866
1266,1,1,Urban,Villa,Uttar Pradesh,Lucknow,6070252
3759,4,4,Urban,Duplex,Maharashtra,Pune,21277859
3296,2,2,Semiurban,Apartment,Gujarat,Ahmedabad,11342766
3827,5,5,Urban,Apartment,Karnataka,Bengaluru,18591700
3369,1,1,Semiurban,Villa,Tamil Nadu,Coimbatore,14742525
1524,1,1,Semiurban,Villa,Uttar Pradesh,Noida,5258171
4015,3,2,Semiurban,Villa,Gujarat,Surat,16607080
2009,2,2,Semiurban,Villa,Gujarat,Ahmedabad,8085127
2405,1,1,Rural,Villa,Maharashtra,Mumbai,7205830
1512,5,5,Rural,Duplex,Karnataka,Bengaluru,4036441
2633,3,3,Rural,Apartment,Tamil Nadu,Chennai,6483868
2601,4,4,Semiurban,Duplex,Uttar Pradesh,Noida,8400359
2935,4,3,Urban,Duplex,Uttar Pradesh,Noida,12332038
4479,2,1,Urban,Duplex,Tamil Nadu,Chennai,23811471
4389,3,3,Urban,Villa,Delhi (UT),Delhi,29936158
4297,5,4,Semiurban,Duplex,Karnataka,Mysuru,18523489
3266,5,5,Semiurban,Villa,Uttar Pradesh,Lucknow,11221042
1673,1,0,Semiurban,Duplex,Maharashtra,Pune,6822972
4188,5,5,Urban,Apartment,Karnataka,Bengaluru,19909166
3624,3,3,Semiurban,Duplex,Delhi (UT),Delhi,16002848
1233,2,2,Semiurban,Villa,Delhi (UT),Delhi,6167219
4320,5,5,Rural,Apartment,Maharashtra,Pune,11735170
2749,2,2,Semiurban,Duplex,Uttar Pradesh,Lucknow,9216302
1608,2,2,Semiurban,Villa,Maharashtra,Pune,7885829
2516,3,3,Semiurban,Apartment,Uttar Pradesh,Lucknow,7441062
4262,3,3,Rural,Villa,Uttar Pradesh,Noida,10273240
1415,3,3,Semiurban,Duplex,Maharashtra,Mumbai,6069548
3981,4,4,Urban,Apartment,Tamil Nadu,Coimbatore,19346202
905,1,0,Semiurban,Apartment,Uttar Pradesh,Noida,2794089
2200,4,4,Semiurban,Duplex,Gujarat,Ahmedabad,8093783
3428,5,5,Rural,Villa,Karnataka,Mysuru,9883022
1768,4,4,Rural,Apartment,Maharashtra,Mumbai,4641619
977,5,5,Urban,Apartment,Delhi (UT),Delhi,5370392
2714,1,1,Semiurban,Duplex,Gujarat,Ahmedabad,10266821
1946,5,5,Rural,Villa,Gujarat,Ahmedabad,4904924
3911,3,3,Semiurban,Apartment,Gujarat,Surat,13311939
2369,2,1,Urban,Apartment,Uttar Pradesh,Lucknow,9094387
2299,3,3,Urban,Villa,Tamil Nadu,Coimbatore,13809614
1482,1,1,Rural,Apartment,Uttar Pradesh,Noida,2903757
2254,1,1,Semiurban,Villa,Tamil Nadu,Coimbatore,9269501
854,1,1,Semiurban,Villa,Gujarat,Ahmedabad,3387923
1985,2,2,Rural,Duplex,Gujarat,Surat,4630691
1979,4,4,Rural,Apartment,Gujarat,Surat,4374532
4323,4,4,Rural,Villa,Uttar Pradesh,Lucknow,10888195
4195,5,5,Urban,Apartment,Uttar Pradesh,Lucknow,16756991
3986,5,5,Semiurban,Duplex,Tamil Nadu,Chennai,16099322
1207,2,1,Rural,Duplex,Karnataka,Bengaluru,3415047
3421,4,4,Urban,Duplex,Gujarat,Ahmedabad,16688840
2024,4,3,Rural,Apartment,Tamil Nadu,Coimbatore,4685504
2228,3,2,Rural,Villa,Tamil Nadu,Chennai,6678889
4243,1,1,Semiurban,Apartment,Uttar Pradesh,Lucknow,12614171
2347,1,0,Urban,Duplex,Uttar Pradesh,Noida,10072685
2109,2,2,Semiurban,Villa,Gujarat,Surat,8299994
2535,2,2,Rural,Apartment,Uttar Pradesh,Noida,4911429
1701,4,4,Urban,Apartment,Gujarat,Surat,7338454
4295,5,5,Semiurban,Villa,Karnataka,Bengaluru,19680557
1991,1,1,Semiurban,Villa,Tamil Nadu,Coimbatore,8923038
1086,4,3,Rural,Apartment,Karnataka,Mysuru,2804721
2421,4,4,Semiurban,Duplex,Maharashtra,Pune,10315951
1620,4,4,Rural,Villa,Karnataka,Bengaluru,4858690
4330,4,4,Urban,Apartment,Uttar Pradesh,Lucknow,18143046
4199,3,3,Semiurban,Duplex,Uttar Pradesh,Lucknow,14505116
1797,1,1,Semiurban,Apartment,Gujarat,Surat,5713720
3725,3,3,Rural,Villa,Gujarat,Ahmedabad,9803764
3611,5,4,Rural,Duplex,Delhi (UT),Delhi,11260464
2942,4,4,Rural,Duplex,Uttar Pradesh,Noida,6615692
3534,2,1,Urban,Apartment,Delhi (UT),Delhi,19288437
2198,1,1,Semiurban,Villa,Tamil Nadu,Coimbatore,9023463
4228,1,1,Rural,Villa,Delhi (UT),Delhi,14300684
3942,3,3,Rural,Villa,Uttar Pradesh,Lucknow,9535537
1043,4,3,Semiurban,Duplex,Delhi (UT),Delhi,4960410
3267,1,1,Urban,Duplex,Maharashtra,Mumbai,18286995
3138,3,3,Rural,Apartment,Gujarat,Ahmedabad,6655615
1196,5,5,Semiurban,Duplex,Delhi (UT),Delhi,5537334
4371,5,5,Urban,Villa,Maharashtra,Mumbai,28113221
1891,1,1,Semiurban,Villa,Uttar Pradesh,Noida,6984444
2819,5,5,Semiurban,Apartment,Tamil Nadu,Chennai,9775879
4091,5,5,Rural,Villa,Maharashtra,Pune,12320944
4412,1,0,Semiurban,Apartment,Uttar Pradesh,Noida,13390347
3841,5,5,Rural,Apartment,Uttar Pradesh,Lucknow,7456013
3022,4,4,Urban,Villa,Gujarat,Ahmedabad,15602693
1775,4,4,Rural,Villa,Tamil Nadu,Coimbatore,5345578
2369,3,2,Rural,Villa,Tamil Nadu,Chennai,6906129
4020,4,4,Semiurban,Duplex,Maharashtra,Pune,17785736
2859,5,5,Rural,Villa,Karnataka,Bengaluru,8440954
1153,2,1,Rural,Duplex,Tamil Nadu,Chennai,3005146
4498,2,2,Semiurban,Duplex,Maharashtra,Mumbai,18756745
3035,3,3,Urban,Villa,Delhi (UT),Delhi,20845967
4269,5,5,Urban,Apartment,Gujarat,Surat,18879919
3645,5,5,Urban,Villa,Uttar Pradesh,Lucknow,17823036
2348,1,1,Rural,Villa,Uttar Pradesh,Lucknow,5642466
3260,3,3,Rural,Apartment,Uttar Pradesh,Lucknow,6276911
1033,5,5,Rural,Duplex,Delhi (UT),Delhi,3301142
2623,4,3,Urban,Duplex,Gujarat,Ahmedabad,12964721
2998,4,3,Urban,Duplex,Tamil Nadu,Coimbatore,15419745
1011,3,3,Semiurban,Villa,Karnataka,Mysuru,4385250
2697,4,4,Urban,Duplex,Tamil Nadu,Chennai,13639066
3200,2,1,Semiurban,Villa,Delhi (UT),Delhi,16696862
